Page Title,Section,Vehicle/Content Info,Details
Swift Ride,Main Page Heading,Find Cars Near You,
Swift Ride,Car/Content 1,Grey Toyota Prius V,Price: $399/week | gasoline
Swift Ride,Car/Content 2,White Kia Optima,Price: $399/week | gasoline
Swift Ride,Car/Content 3,Grey Toyota Prius C,Price: $349/week | gasoline
Swift Ride,Car/Content 5,Black Nissan Altima,Price: $449/week | gasoline
Swift Ride,Car/Content 7,White Toyota Prius,Price: $399/week | gasoline | Continuously Variable Transmission | fwd
Swift Ride,SwiftRide Home Page - Main Heading,Start Earning Immediately,https://swiftride.net/
Swift Ride,Home Featured 1,Start Earning Immediately
Get behind the wheel in minutes not months. Commercial insurance and main...,
Swift Ride,How It Works Page - Main Heading,You are just a couple
of steps away!,https://swiftride.net/how-it-works
Swift Ride,About Section 1,Swift & Simple Process
You are just a couple
of steps away!
Your Swift Ride journey is just moments away. Follow these simple steps to unlock the freedom of hassle-free car ownership.
Get Started,
Swift Ride,About Section 2,Your Swift Ride journey is just moments away. Follow these simple steps to unlock the freedom of hassle-free car ownership.,
Swift Ride,About Section 3,Â© 2025 Swift Ride Inc. All rights reserved,
Swift Ride,Contact Us Page - Main Heading,How Can We Help?,https://swiftride.net/contact-us
Swift Ride,Contact Info 1,Email us at,
